Metric,Value
Accuracy,0.956
Precision,0.9557971691541839
Recall,0.956
F1 Score,0.9556301866075637
